{"series":{"1548340155662":{"id":"1548340155662","title":"The Seven Deadly Sins","category":"manga","editor":"41","price":4.5,"volumes":[{"id":"1","isbn":null,"index":1,"title":null,"image":null,"acquired":1548343205733,"readed":null},{"id":"2","isbn":null,"index":2,"title":null,"image":null,"acquired":1548343206408,"readed":null},{"id":"3","isbn":null,"index":3,"title":null,"image":null,"acquired":1548343207142,"readed":null},{"id":"4","isbn":null,"index":4,"title":null,"image":null,"acquired":1550586264885,"readed":null},{"id":"5","isbn":null,"index":5,"title":null,"image":null,"acquired":1550586265313,"readed":null},{"id":"6","isbn":null,"index":6,"title":null,"image":null,"acquired":1550586265736,"readed":null},{"id":"7","isbn":null,"index":7,"title":null,"image":null,"acquired":1550586266536,"readed":null},{"id":"8","isbn":null,"index":8,"title":null,"image":null,"acquired":1550586266954,"readed":null},{"id":"9","isbn":null,"index":9,"title":null,"image":null,"acquired":1550586268969,"readed":null},{"id":"10","isbn":null,"index":10,"title":null,"image":null,"acquired":1550586269409,"readed":null},{"id":"11","isbn":null,"index":11,"title":null,"image":null,"acquired":1550586269818,"readed":null},{"id":"12","isbn":null,"index":12,"title":null,"image":null,"acquired":1550586270403,"readed":null},{"id":"13","isbn":null,"index":13,"title":null,"image":null,"acquired":1550586270897,"readed":null},{"id":"14","isbn":null,"index":14,"title":null,"image":null,"acquired":1550586272849,"readed":null},{"id":"15","isbn":null,"index":15,"title":null,"image":null,"acquired":1550586273313,"readed":null},{"id":"16","isbn":null,"index":16,"title":null,"image":null,"acquired":1550586273767,"readed":null},{"id":"17","isbn":null,"index":17,"title":null,"image":null,"acquired":1550586274232,"readed":null},{"id":"18","isbn":null,"index":18,"title":null,"image":null,"acquired":1550586274679,"readed":null},{"id":"19","isbn":null,"index":19,"title":null,"image":null,"acquired":1550586275088,"readed":null},{"id":"20","isbn":null,"index":20,"title":null,"image":null,"acquired":1550586276544,"readed":null},{"id":"21","isbn":null,"index":21,"title":null,"image":null,"acquired":1550586276992,"readed":null},{"id":"22","isbn":null,"index":22,"title":null,"image":null,"acquired":1550586277664,"readed":null},{"id":"23","isbn":null,"index":23,"title":null,"image":null,"acquired":1550586278105,"readed":null},{"id":"24","isbn":null,"index":24,"title":null,"image":null,"acquired":1550586279344,"readed":null},{"id":"25","isbn":null,"index":25,"title":null,"image":null,"acquired":1550586279783,"readed":null},{"id":"26","isbn":null,"index":26,"title":null,"image":null,"acquired":1550586280307,"readed":null},{"id":"27","isbn":null,"index":27,"title":null,"image":null,"acquired":1550586281978,"readed":null},{"id":"28","isbn":null,"index":28,"title":null,"image":null,"acquired":null,"readed":null}]},"1550586303635":{"id":"1550586303635","title":"The Promised Neverland","category":"manga","editor":"unknown","price":0,"volumes":[{"id":"1","isbn":null,"index":1,"title":null,"image":null,"acquired":1550586327206,"readed":1550586328415},{"id":"2","isbn":null,"index":2,"title":null,"image":null,"acquired":1550586326807,"readed":1550586328849},{"id":"3","isbn":null,"index":3,"title":null,"image":null,"acquired":1550586325544,"readed":1550586329279},{"id":"4","isbn":null,"index":4,"title":null,"image":null,"acquired":1550586325049,"readed":1550586329712},{"id":"5","isbn":null,"index":5,"title":null,"image":null,"acquired":1550586324631,"readed":null},{"id":"6","isbn":null,"index":6,"title":null,"image":null,"acquired":1550586324271,"readed":null},{"id":"7","isbn":null,"index":7,"title":null,"image":null,"acquired":1550586323864,"readed":null}]},"1550586365297":{"id":"1550586365297","title":"Radiant","category":"manga","editor":"unknown","price":0,"volumes":[{"id":"1","isbn":null,"index":1,"title":null,"image":null,"acquired":1550586380826,"readed":null},{"id":"2","isbn":null,"index":2,"title":null,"image":null,"acquired":1550586380392,"readed":null},{"id":"3","isbn":null,"index":3,"title":null,"image":null,"acquired":1550586379976,"readed":null},{"id":"4","isbn":null,"index":4,"title":null,"image":null,"acquired":1550586378807,"readed":null},{"id":"5","isbn":null,"index":5,"title":null,"image":null,"acquired":1550586378384,"readed":null},{"id":"6","isbn":null,"index":6,"title":null,"image":null,"acquired":1550586377944,"readed":null},{"id":"7","isbn":null,"index":7,"title":null,"image":null,"acquired":1550586377305,"readed":null},{"id":"8","isbn":null,"index":8,"title":null,"image":null,"acquired":null,"readed":null}]}}}